INSERT INTO Region (Name) VALUES
('Заволжский'),
('Фрунзенский'),
('Дзержинский'),
('Кировский'),
('Ленинский'),
('Красноперекопский');

INSERT INTO Address (Entertance_door, Street, Region_ID) VALUES
(NULL, 'Собинова 36А', 4),
(1, 'Союзная, 144', 1),               -- Заволжский
(1, 'Саукова, 15', 1),                 -- Заволжский
(2, 'Машиностроителей, 21', 1),       -- Заволжский
(1, 'Сахарова, 13', 1),                -- Заволжский
(1, 'Проспект Фрунзе, 63', 2),         -- Фрунзенский
(1, 'Светлая, 5', 2),                  -- Фрунзенский
(1, 'Урицкого, 92', 3),                -- Дзержинский
(2, 'Октябрьская, 21', 4),             -- Кировский
(1, 'Свободы, 14', 4),                 -- Кировский
(1, 'Советская, 14', 5),               -- Ленинский
(1, 'Советская, 19/11', 5),            -- Ленинский
(1, 'Гагарина, 21', 6),                -- Красноперекопский
(1, 'Гагарина, 18', 6),                -- Красноперекопский
(1, 'Проспект авиаторов, 88А', 1);     -- Заволжский

INSERT INTO Human (First_name, Last_name) VALUES
('Иван', 'Иванов'),
('Сергей', 'Сергеев'),
('Алексей', 'Александров'),
('Дмитрий', 'Дмитриев'),
('Андрей', 'Андреев'),
('Виктор', 'Викторов'),
('Петр', 'Петров'),
('Максим', 'Максимов'),
('Станислав', 'Станиславов'),
('Кирилл', 'Кириллов'), --водители
('Андрей', 'Тинькофф'), --клиенты
('Андрей', 'Малышев'),
('Алексей', 'Мозин'),
('Егор', 'Мизюлин'),
('Евгений', 'Цветов'), -- диспетчеры
('Евгений', 'Котов'), --диспетчер
('Ибрагим', 'Омов'), --диспетчер
('Казинак', 'Алиев'), --диспетчер
('Ольга', 'Филиппова'), --клиенты
('Константин', 'Михайлов'),
('Вероника', 'Николаева'),
('Станислав', 'Гусев'),
('Антон', 'Романов'),
('Лидия', 'Кириллова'),
('Юрий', 'Зуев'),
('Елизавета', 'Суркова'),
('Глеб', 'Панов'),
('София', 'Шемякина'),
('Роман', 'Давыдов'),
('Людмила', 'Савчук'),
('Никита', 'Громов'),
('Тимур', 'Сидоров'),
('Вера', 'Лукашина'),
('Руслан', 'Маслов'),
('Анна', 'Авдюшина'),
('Егор', 'Трофимов'),
('Полина', 'Симонова'),
('Илья', 'Титов');

INSERT INTO Tariff (Class_car, Cost_km, Cost_service, Cost_waiting) VALUES
('Эконом-класс', 10.0, 50.0, 20.0),
('Средний-класс', 15.0, 60.0, 30.0),
('Бизнес-класс', 20.0, 75.0, 35.0),
('Элитный-класс', 25.0, 100.0, 40.0);

INSERT INTO Car (Car_brand, Government_number, Tariff_ID, Driver_ID) VALUES
('Toyota Camry', 'А123ВС76', 1, 1),
('Honda Accord', 'Б234ГВ76', 1, 2),
('Ford Focus', 'В345СС79', 2, 3),
('Bentley Continental GT', 'Г456МН80', 4, 4),
('Mercedes-Benz C-Class', 'Д567ИЖ81', 4, 5),
('Kia K5', 'Е678КЛ82', 3, 6),
('Nissan Altima', 'Ж789МН83', 2, 7),
('Hyundai Sonata', 'М231ММ76', 2, 8),
('Chevrolet Malibu', 'К214МА76', 2, 9),
('Volkswagen Polo', 'С014АА86', 1, 10);

INSERT INTO Driver (Human_ID, Percent_Taxi_Rider, Car_ID) VALUES
(1, 15, 1),
(2, 20, 2),
(3, 10, 3),
(4, 5, 4),
(5, 12, 5),
(6, 8, 6),
(7, 11, 7),
(8, 14, 8),
(9, 9, 9),
(10, 13, 10);

INSERT INTO Dispatcher (Human_ID, Salary, Percent_order) VALUES
(16, 35000, 5),
(17, 35000, 10),
(18, 45000, 15),
(15, 50000, 20);

INSERT INTO Client (Username, Human_ID, Phone_number, Discount_percent) VALUES
('user1', 11, '89001234567', 10),
('user2', 12, '89003456789', 5),
('user3', 13, '89004567890', 15),
('user4', 14, '89005678901', 12),
('user11', 19, '89011234567', 10),
('user12', 20, '89022345678', 5),
('user13', 21, '89033456789', NULL),  -- Нет скидки
('user14', 22, '89044567890', 15),
('user15', 23, '89055678901', NULL),  -- Нет скидки
('user16', 24, '89066789012', 8),
('user17', 25, '89077890123', 12),
('user18', 26, '89088901234', NULL),  -- Нет скидки
('user19', 27, '89099012345', 18),
('user20', 28, '89010123456', 6),
('user21', 29, '89021234567', 11),
('user22', 30, '89032345678', 20),
('user23', 31, '89043456789', NULL),  -- Нет скидки
('user24', 32, '89054567890', 9),
('user25', 33, '89065678901', 14),
('user26', 34, '89076789012', NULL),  -- Нет скидки
('user27', 35, '89087890123', 12),
('user28', 36, '89098901234', 22),
('user29', 37, '89009012345', 4),
('user30', 38, '89010123456', 10);

INSERT OrderStatus VALUES ('Завершён'), ('Отклонён'), ('Выполняется');